<!DOCTYPE configuration 
  PUBLIC "-//ibatis.apache.org//DTD Config 3.0//EN" 
  "http://ibatis.apache.org/dtd/ibatis-3-config.dtd">  
<configuration> 
    <environments default="tomcat"> 
       <environment id="tomcat"> 
        <transactionManager type="JDBC" /> 
            <dataSource type="JNDI"> 
           		<property name="data_source" value="java:/comp/env/jdbc/baties" /> 
         	</dataSource>
        </environment> 
    </environments> 
    <mappers> 
        <mapper resource="UserMapper.xml"/> 
    </mappers> 
</configuration>